{"cameraMode":{"drawMode":0,"name":"Shaded","section":"Shading Mode"},"sceneLighting":false,"audioPlay":false,"sceneViewState":{"m_AlwaysRefresh":false,"showFog":true,"showSkybox":false,"showFlares":true,"showImageEffects":true,"showParticleSystems":true,"showVisualEffectGraphs":true,"m_FxEnabled":true},"in2DMode":false,"pivot":{"x":0.17245107889175416,"y":0.4656897187232971,"z":-1.1964266300201417},"rotation":{"x":-0.24847625195980073,"y":-0.13947290182113648,"z":0.0361710824072361,"w":-0.9578688740730286},"size":1.2247449159622193,"orthographic":false}