{"cameraMode":{"drawMode":0,"name":"Shaded","section":"Shading Mode"},"sceneLighting":false,"audioPlay":false,"sceneViewState":{"m_AlwaysRefresh":false,"showFog":true,"showSkybox":false,"showFlares":true,"showImageEffects":true,"showParticleSystems":true,"showVisualEffectGraphs":true,"m_FxEnabled":true},"in2DMode":false,"pivot":{"x":0.9146783351898193,"y":1.1441495418548585,"z":2.7458271980285646},"rotation":{"x":-0.03626345843076706,"y":0.9634336233139038,"z":-0.1996241807937622,"w":-0.17501607537269593},"size":0.6723220944404602,"orthographic":false}