{"cameraMode":{"drawMode":0,"name":"Shaded","section":"Shading Mode"},"sceneLighting":false,"audioPlay":false,"sceneViewState":{"m_AlwaysRefresh":false,"showFog":true,"showSkybox":false,"showFlares":true,"showImageEffects":true,"showParticleSystems":true,"showVisualEffectGraphs":true,"m_FxEnabled":true},"in2DMode":false,"pivot":{"x":0.5078230500221252,"y":0.8848868608474731,"z":1.3980029821395875},"rotation":{"x":-0.07600850611925125,"y":0.9179048538208008,"z":-0.21473704278469087,"w":-0.32490262389183047},"size":0.8625215291976929,"orthographic":false}